,image,dominant_color (RGB),mood
0,000651250X.jpg,"(np.uint8(80), np.uint8(82), np.uint8(141))",Calm with saturated colors
1,006053429X.jpg,"(np.uint8(63), np.uint8(113), np.uint8(125))",Calm with saturated colors
2,014009203X.jpg,"(np.uint8(106), np.uint8(135), np.uint8(156))",Mysterious with saturated colors
3,014012411X.jpg,"(np.uint8(122), np.uint8(126), np.uint8(123))",Mysterious with saturated colors
4,014130975X.jpg,"(np.uint8(45), np.uint8(94), np.uint8(104))",Calm with saturated colors
5,016051195X.jpg,"(np.uint8(140), np.uint8(143), np.uint8(162))",Energetic with saturated colors
6,019505976X.jpg,"(np.uint8(142), np.uint8(190), np.uint8(164))",Energetic with saturated colors
7,028563450X.jpg,"(np.uint8(25), np.uint8(63), np.uint8(48))",Energetic and dark with saturated colors
8,030737002X.jpg,"(np.uint8(100), np.uint8(156), np.uint8(35))",Mysterious and dark with saturated colors
9,031287717X.jpg,"(np.uint8(75), np.uint8(102), np.uint8(100))",Calm with saturated colors
10,034055830X.jpg,"(np.uint8(139), np.uint8(172), np.uint8(187))",Energetic with saturated colors
11,037316422X.jpg,"(np.uint8(67), np.uint8(65), np.uint8(110))",Calm with saturated colors
12,037324228X.jpg,"(np.uint8(65), np.uint8(90), np.uint8(118))",Calm with saturated colors
13,037361358X.jpg,"(np.uint8(71), np.uint8(101), np.uint8(161))",Calm with saturated colors
14,037380203X.jpg,"(np.uint8(136), np.uint8(164), np.uint8(168))",Energetic with saturated colors
15,037550298X.jpg,"(np.uint8(62), np.uint8(192), np.uint8(170))",Calm with saturated colors
16,037550303X.jpg,"(np.uint8(147), np.uint8(145), np.uint8(119))",Energetic with saturated colors
17,037575248X.jpg,"(np.uint8(159), np.uint8(179), np.uint8(178))",Calm with saturated colors
18,038078145X.jpg,"(np.uint8(169), np.uint8(200), np.uint8(186))",Calm with saturated colors
19,038547721X.jpg,"(np.uint8(172), np.uint8(182), np.uint8(153))",Calm with saturated colors
20,039483013X.jpg,"(np.uint8(80), np.uint8(194), np.uint8(160))",Calm with saturated colors
21,042509586X.jpg,"(np.uint8(136), np.uint8(161), np.uint8(131))",Energetic with saturated colors
22,042518871X.jpg,"(np.uint8(196), np.uint8(238), np.uint8(216))",Calm and bright with saturated colors
23,044022554X.jpg,"(np.uint8(119), np.uint8(154), np.uint8(79))",Mysterious and dark with saturated colors
24,044150440X.jpg,"(np.uint8(51), np.uint8(136), np.uint8(192))",Calm with saturated colors
25,044175046X.jpg,"(np.uint8(134), np.uint8(150), np.uint8(161))",Energetic with saturated colors
26,044652932X.jpg,"(np.uint8(101), np.uint8(143), np.uint8(149))",Mysterious with saturated colors
27,050552161X.jpg,"(np.uint8(30), np.uint8(98), np.uint8(108))",Calm with saturated colors
28,055380300X.jpg,"(np.uint8(12), np.uint8(53), np.uint8(48))",Energetic and dark with saturated colors
29,057121844X.jpg,"(np.uint8(196), np.uint8(203), np.uint8(203))",Calm and bright with saturated colors
30,067942069X.jpg,"(np.uint8(104), np.uint8(113), np.uint8(96))",Mysterious with saturated colors
31,067973385X.jpg,"(np.uint8(27), np.uint8(58), np.uint8(54))",Energetic and dark with saturated colors
32,068721744X.jpg,"(np.uint8(7), np.uint8(70), np.uint8(97))",Energetic with saturated colors
33,071366021X.jpg,"(np.uint8(177), np.uint8(201), np.uint8(188))",Calm with saturated colors
34,074325547X.jpg,"(np.uint8(92), np.uint8(128), np.uint8(139))",Mysterious with saturated colors
35,074724944X.jpg,"(np.uint8(191), np.uint8(220), np.uint8(230))",Calm and bright with saturated colors
36,074931012X.jpg,"(np.uint8(26), np.uint8(94), np.uint8(102))",Energetic with saturated colors
37,075150372X.jpg,"(np.uint8(67), np.uint8(89), np.uint8(75))",Calm and dark with saturated colors
38,076151810X.jpg,"(np.uint8(42), np.uint8(74), np.uint8(39))",Calm and dark with saturated colors
39,080079317X.jpg,"(np.uint8(119), np.uint8(83), np.uint8(59))",Mysterious and dark with saturated colors
40,080506012X.jpg,"(np.uint8(75), np.uint8(91), np.uint8(81))",Calm with saturated colors
41,081120975X.jpg,"(np.uint8(189), np.uint8(189), np.uint8(189))",Calm with saturated colors
42,082172469X.jpg,"(np.uint8(86), np.uint8(121), np.uint8(105))",Calm with saturated colors
43,082176103X.jpg,"(np.uint8(74), np.uint8(151), np.uint8(156))",Calm with saturated colors
44,082176652X.jpg,"(np.uint8(122), np.uint8(181), np.uint8(124))",Mysterious with saturated colors
45,087722417X.jpg,"(np.uint8(44), np.uint8(163), np.uint8(72))",Calm and dark with saturated colors
46,088289126X.jpg,"(np.uint8(148), np.uint8(204), np.uint8(111))",Energetic with saturated colors
47,088739339X.jpg,"(np.uint8(93), np.uint8(97), np.uint8(120))",Mysterious with saturated colors
48,096623460X.jpg,"(np.uint8(173), np.uint8(218), np.uint8(234))",Calm and bright with saturated colors
49,1400031001.jpg,"(np.uint8(88), np.uint8(155), np.uint8(139))",Calm with saturated colors
50,1402200277.jpg,"(np.uint8(127), np.uint8(164), np.uint8(127))",Mysterious with saturated colors
51,1405032596.jpg,"(np.uint8(88), np.uint8(107), np.uint8(90))",Calm with saturated colors
52,1551663155.jpg,"(np.uint8(91), np.uint8(210), np.uint8(210))",Mysterious and bright with saturated colors
53,1551664283.jpg,"(np.uint8(172), np.uint8(175), np.uint8(135))",Calm with saturated colors
54,1551664631.jpg,"(np.uint8(194), np.uint8(228), np.uint8(191))",Calm with saturated colors
55,1551669285.jpg,"(np.uint8(153), np.uint8(155), np.uint8(146))",Energetic with saturated colors
56,155204145X.jpg,"(np.uint8(123), np.uint8(217), np.uint8(160))",Mysterious with saturated colors
57,1552042189.jpg,"(np.uint8(156), np.uint8(158), np.uint8(93))",Energetic with saturated colors
58,1552634523.jpg,"(np.uint8(98), np.uint8(93), np.uint8(127))",Mysterious with saturated colors
59,1556155557.jpg,"(np.uint8(221), np.uint8(221), np.uint8(221))",Mysterious and bright with saturated colors
60,1556521901.jpg,"(np.uint8(101), np.uint8(111), np.uint8(94))",Mysterious with saturated colors
61,1556610262.jpg,"(np.uint8(101), np.uint8(105), np.uint8(151))",Mysterious with saturated colors
62,1556619340.jpg,"(np.uint8(126), np.uint8(173), np.uint8(187))",Mysterious with saturated colors
63,1556705573.jpg,"(np.uint8(63), np.uint8(121), np.uint8(63))",Calm and dark with saturated colors
64,155773917X.jpg,"(np.uint8(216), np.uint8(220), np.uint8(229))",Calm and bright with saturated colors
65,1558216707.jpg,"(np.uint8(51), np.uint8(100), np.uint8(71))",Calm and dark with saturated colors
66,1558611541.jpg,"(np.uint8(122), np.uint8(131), np.uint8(100))",Mysterious with saturated colors
67,1558745262.jpg,"(np.uint8(86), np.uint8(152), np.uint8(79))",Calm and dark with saturated colors
68,1559581158.jpg,"(np.uint8(212), np.uint8(225), np.uint8(227))",Calm and bright with saturated colors
69,1559943491.jpg,"(np.uint8(205), np.uint8(207), np.uint8(191))",Calm with saturated colors
70,1560545275.jpg,"(np.uint8(200), np.uint8(219), np.uint8(223))",Calm and bright with saturated colors
71,1561445770.jpg,"(np.uint8(41), np.uint8(142), np.uint8(173))",Calm with saturated colors
72,1561791016.jpg,"(np.uint8(107), np.uint8(154), np.uint8(66))",Mysterious and dark with saturated colors
73,1561793477.jpg,"(np.uint8(73), np.uint8(100), np.uint8(162))",Calm with saturated colors
74,1561794597.jpg,"(np.uint8(118), np.uint8(135), np.uint8(170))",Mysterious with saturated colors
75,156179600X.jpg,"(np.uint8(63), np.uint8(117), np.uint8(133))",Calm with saturated colors
76,1562612573.jpg,"(np.uint8(27), np.uint8(70), np.uint8(67))",Energetic and dark with saturated colors
77,1562829440.jpg,"(np.uint8(130), np.uint8(199), np.uint8(197))",Energetic with saturated colors
78,1563526514.jpg,"(np.uint8(90), np.uint8(187), np.uint8(148))",Mysterious with saturated colors
79,1563891867.jpg,"(np.uint8(80), np.uint8(114), np.uint8(58))",Calm and dark with saturated colors
80,1564268160.jpg,"(np.uint8(81), np.uint8(157), np.uint8(129))",Calm with saturated colors
81,1564583740.jpg,"(np.uint8(173), np.uint8(202), np.uint8(196))",Calm with saturated colors
82,1564746666.jpg,"(np.uint8(104), np.uint8(93), np.uint8(63))",Mysterious and dark with saturated colors
83,1565120140.jpg,"(np.uint8(251), np.uint8(251), np.uint8(251))",Mysterious and bright with saturated colors
84,1565122585.jpg,"(np.uint8(207), np.uint8(213), np.uint8(198))",Calm with saturated colors
85,156530182X.jpg,"(np.uint8(129), np.uint8(171), np.uint8(149))",Energetic with saturated colors
86,156565336X.jpg,"(np.uint8(161), np.uint8(89), np.uint8(144))",Calm with saturated colors
87,1565841778.jpg,"(np.uint8(111), np.uint8(154), np.uint8(153))",Mysterious with saturated colors
88,1567996884.jpg,"(np.uint8(128), np.uint8(202), np.uint8(207))",Energetic and bright with saturated colors
89,1568846533.jpg,"(np.uint8(186), np.uint8(206), np.uint8(210))",Calm and bright with saturated colors
90,1569312532.jpg,"(np.uint8(118), np.uint8(149), np.uint8(233))",Mysterious and bright with saturated colors
91,157003284X.jpg,"(np.uint8(38), np.uint8(39), np.uint8(92))",Calm with muted colors
92,1570629331.jpg,"(np.uint8(194), np.uint8(206), np.uint8(171))",Calm with saturated colors
93,1570643881.jpg,"(np.uint8(24), np.uint8(65), np.uint8(82))",Energetic with saturated colors
94,1571454942.jpg,"(np.uint8(99), np.uint8(158), np.uint8(138))",Mysterious with saturated colors
95,1571458506.jpg,"(np.uint8(104), np.uint8(122), np.uint8(154))",Mysterious with saturated colors
96,1573228184.jpg,"(np.uint8(166), np.uint8(199), np.uint8(215))",Calm and bright with saturated colors
97,157488199X.jpg,"(np.uint8(199), np.uint8(202), np.uint8(187))",Calm with saturated colors
98,1575212870.jpg,"(np.uint8(20), np.uint8(34), np.uint8(20))",Energetic and dark with muted colors
99,1575668092.jpg,"(np.uint8(44), np.uint8(70), np.uint8(110))",Calm with saturated colors
100,1576736288.jpg,"(np.uint8(112), np.uint8(151), np.uint8(202))",Mysterious and bright with saturated colors
101,1576750043.jpg,"(np.uint8(25), np.uint8(34), np.uint8(121))",Energetic with muted colors
102,1577490185.jpg,"(np.uint8(149), np.uint8(213), np.uint8(157))",Energetic with saturated colors
103,1578561213.jpg,"(np.uint8(133), np.uint8(143), np.uint8(109))",Energetic with saturated colors
104,1579121055.jpg,"(np.uint8(132), np.uint8(184), np.uint8(195))",Energetic with saturated colors
105,1580050638.jpg,"(np.uint8(44), np.uint8(91), np.uint8(111))",Calm with saturated colors
106,1580680038.jpg,"(np.uint8(152), np.uint8(187), np.uint8(166))",Energetic with saturated colors
107,1580910998.jpg,"(np.uint8(72), np.uint8(101), np.uint8(170))",Calm with saturated colors
108,1583140484.jpg,"(np.uint8(27), np.uint8(52), np.uint8(123))",Energetic with saturated colors
109,1585671975.jpg,"(np.uint8(158), np.uint8(182), np.uint8(196))",Calm with saturated colors
110,1585744972.jpg,"(np.uint8(152), np.uint8(204), np.uint8(162))",Energetic with saturated colors
111,1590510666.jpg,"(np.uint8(77), np.uint8(84), np.uint8(142))",Calm with saturated colors
112,1591820650.jpg,"(np.uint8(67), np.uint8(105), np.uint8(116))",Calm with saturated colors
113,1840006110.jpg,"(np.uint8(202), np.uint8(220), np.uint8(189))",Calm with saturated colors
114,1840242655.jpg,"(np.uint8(145), np.uint8(191), np.uint8(193))",Energetic with saturated colors
115,1840243503.jpg,"(np.uint8(151), np.uint8(145), np.uint8(89))",Energetic with saturated colors
116,1841193429.jpg,"(np.uint8(76), np.uint8(89), np.uint8(77))",Calm and dark with saturated colors
117,1850282625.jpg,"(np.uint8(140), np.uint8(173), np.uint8(163))",Energetic with saturated colors
118,1852605898.jpg,"(np.uint8(71), np.uint8(109), np.uint8(77))",Calm and dark with saturated colors
119,1853260959.jpg,"(np.uint8(15), np.uint8(55), np.uint8(47))",Energetic and dark with saturated colors
120,185326489X.jpg,"(np.uint8(34), np.uint8(57), np.uint8(31))",Calm and dark with saturated colors
121,1853267767.jpg,"(np.uint8(39), np.uint8(114), np.uint8(119))",Calm with saturated colors
122,1853913561.jpg,"(np.uint8(131), np.uint8(203), np.uint8(208))",Energetic and bright with saturated colors
123,1855381052.jpg,"(np.uint8(88), np.uint8(116), np.uint8(149))",Calm with saturated colors
124,1857230337.jpg,"(np.uint8(74), np.uint8(130), np.uint8(84))",Calm with saturated colors
125,1857237889.jpg,"(np.uint8(108), np.uint8(131), np.uint8(134))",Mysterious with saturated colors
126,1858285089.jpg,"(np.uint8(86), np.uint8(140), np.uint8(113))",Calm with saturated colors
127,1859845835.jpg,"(np.uint8(77), np.uint8(110), np.uint8(110))",Calm with saturated colors
128,1874507155.jpg,"(np.uint8(58), np.uint8(88), np.uint8(67))",Calm and dark with saturated colors
129,1880238888.jpg,"(np.uint8(182), np.uint8(186), np.uint8(142))",Calm with saturated colors
130,1881273911.jpg,"(np.uint8(57), np.uint8(35), np.uint8(80))",Calm with muted colors
131,1884956173.jpg,"(np.uint8(170), np.uint8(212), np.uint8(178))",Calm with saturated colors
132,1886155003.jpg,"(np.uint8(160), np.uint8(164), np.uint8(180))",Calm with saturated colors
133,1887166513.jpg,"(np.uint8(161), np.uint8(209), np.uint8(190))",Calm with saturated colors
134,188895275X.jpg,"(np.uint8(107), np.uint8(123), np.uint8(154))",Mysterious with saturated colors
135,190398517X.jpg,"(np.uint8(150), np.uint8(166), np.uint8(145))",Energetic with saturated colors
136,1931561516.jpg,"(np.uint8(108), np.uint8(102), np.uint8(89))",Mysterious with saturated colors
137,1932100040.jpg,"(np.uint8(115), np.uint8(130), np.uint8(156))",Mysterious with saturated colors
138,2226004696.jpg,"(np.uint8(197), np.uint8(197), np.uint8(197))",Calm with saturated colors
139,2253019585.jpg,"(np.uint8(149), np.uint8(175), np.uint8(155))",Energetic with saturated colors
140,2253149977.jpg,"(np.uint8(155), np.uint8(187), np.uint8(159))",Energetic with saturated colors
141,2290316547.jpg,"(np.uint8(78), np.uint8(88), np.uint8(155))",Calm with saturated colors
142,285704187X.jpg,"(np.uint8(197), np.uint8(211), np.uint8(179))",Calm with saturated colors
143,2879392292.jpg,"(np.uint8(66), np.uint8(118), np.uint8(124))",Calm with saturated colors
144,2895940002.jpg,"(np.uint8(125), np.uint8(166), np.uint8(141))",Mysterious with saturated colors
145,3442039762.jpg,"(np.uint8(64), np.uint8(110), np.uint8(119))",Calm with saturated colors
146,3442162637.jpg,"(np.uint8(65), np.uint8(96), np.uint8(50))",Calm and dark with saturated colors
147,3442357225.jpg,"(np.uint8(179), np.uint8(184), np.uint8(38))",Calm and dark with saturated colors
148,3442451604.jpg,"(np.uint8(95), np.uint8(234), np.uint8(239))",Mysterious and bright with saturated colors
149,3442728266.jpg,"(np.uint8(84), np.uint8(75), np.uint8(105))",Calm with saturated colors
150,3453054083.jpg,"(np.uint8(72), np.uint8(117), np.uint8(87))",Calm with saturated colors
151,3462027255.jpg,"(np.uint8(122), np.uint8(164), np.uint8(126))",Mysterious with saturated colors
152,3518106163.jpg,"(np.uint8(236), np.uint8(244), np.uint8(3))",Mysterious and dark with saturated colors
153,3821808586.jpg,"(np.uint8(188), np.uint8(213), np.uint8(187))",Calm with saturated colors
154,3857870958.jpg,"(np.uint8(28), np.uint8(163), np.uint8(221))",Energetic and bright with saturated colors
155,3895082570.jpg,"(np.uint8(211), np.uint8(226), np.uint8(234))",Calm and bright with saturated colors
156,3934358802.jpg,"(np.uint8(250), np.uint8(250), np.uint8(250))",Mysterious and bright with saturated colors
157,8401466334.jpg,"(np.uint8(169), np.uint8(182), np.uint8(156))",Calm with saturated colors
158,8432045497.jpg,"(np.uint8(252), np.uint8(252), np.uint8(252))",Mysterious and bright with saturated colors
159,8440619537.jpg,"(np.uint8(97), np.uint8(100), np.uint8(92))",Mysterious with saturated colors
160,8472237850.jpg,"(np.uint8(81), np.uint8(90), np.uint8(98))",Calm with saturated colors
161,8479017694.jpg,"(np.uint8(219), np.uint8(229), np.uint8(208))",Mysterious and bright with saturated colors
162,8484034445.jpg,"(np.uint8(76), np.uint8(109), np.uint8(113))",Calm with saturated colors
163,8845912450.jpg,"(np.uint8(164), np.uint8(154), np.uint8(166))",Calm with saturated colors
164,8874260008.jpg,"(np.uint8(248), np.uint8(246), np.uint8(245))",Mysterious and bright with saturated colors
165,9652800740.jpg,"(np.uint8(106), np.uint8(176), np.uint8(141))",Mysterious with saturated colors
